<?xml version="1.0" encoding="UTF-8"?>
<node>
<version>6</version>
<dict>
  <key>title</key><string>Passwords-Key.key</string>
  <key>nodeid</key><string>cd14a5af-91b5-4fb5-999c-406a3a32deaa</string>
  <key>modified_time</key><integer>1530557610</integer>
  <key>version</key><integer>6</integer>
  <key>payload_filename</key><string>passwords-key.key</string>
  <key>content_type</key><string>application/pgp-keys</string>
  <key>created_time</key><integer>1530557610</integer>
  <key>order</key><integer>1</integer>
</dict>
</node>
