<?xml version="1.0" encoding="UTF-8"?>
<node>
<version>6</version>
<dict>
  <key>title</key><string>keethief.ps1</string>
  <key>nodeid</key><string>69b5e351-7263-47da-8a82-d8ef96593cbe</string>
  <key>modified_time</key><integer>1532722644</integer>
  <key>version</key><integer>6</integer>
  <key>payload_filename</key><string>keethief.ps1</string>
  <key>content_type</key><string>application/octet-stream</string>
  <key>created_time</key><integer>1532722644</integer>
  <key>order</key><integer>4</integer>
</dict>
</node>
