<?xml version="1.0" encoding="utf-8"?>
<Configuration xmlns:xsd="http://www.w3.org/2001/XMLSchema" xmlns:xsi="http://www.w3.org/2001/XMLSchema-instance">
	<Meta>
		<PreferUserConfiguration>false</PreferUserConfiguration>
		<OmitItemsWithDefaultValues>true</OmitItemsWithDefaultValues>
	</Meta>
	<Application>
		<LastUpdateCheck>2017-11-21T15:18:20Z</LastUpdateCheck>
		<LastUsedFile>
			<Path>M:\Documents\Passwords.kdbx</Path>
			<CredProtMode>Obf</CredProtMode>
			<CredSaveMode>NoSave</CredSaveMode>
		</LastUsedFile>
		<MostRecentlyUsed>
			<MaxItemCount>12</MaxItemCount>
			<Items>
				<ConnectionInfo>
					<Path>M:\Documents\Passwords.kdbx</Path>
					<CredProtMode>Obf</CredProtMode>
					<CredSaveMode>NoSave</CredSaveMode>
				</ConnectionInfo>
			</Items>
		</MostRecentlyUsed>
		<WorkingDirectories>
			<Item>Database@M:\Documents</Item>
			<Item>KeyFile@M:\Documents</Item>
		</WorkingDirectories>
		<Start>
			<CheckForUpdate>true</CheckForUpdate>
			<CheckForUpdateConfigured>true</CheckForUpdateConfigured>
		</Start>
		<FileOpening />
		<FileClosing />
		<TriggerSystem>
			<Triggers />
		</TriggerSystem>
	</Application>
	<Logging />
	<MainWindow>
		<X>177</X>
		<Y>101</Y>
		<Width>670</Width>
		<Height>525</Height>
		<Maximized>true</Maximized>
		<SplitterHorizontalFrac>0.8333</SplitterHorizontalFrac>
		<SplitterVerticalFrac>0.25</SplitterVerticalFrac>
		<Layout>Default</Layout>
		<ToolBar />
		<EntryView />
		<TanView />
		<EntryListColumnCollection>
			<Column>
				<Type>Title</Type>
				<Width>90</Width>
			</Column>
			<Column>
				<Type>UserName</Type>
				<Width>90</Width>
			</Column>
			<Column>
				<Type>Password</Type>
				<Width>90</Width>
				<HideWithAsterisks>true</HideWithAsterisks>
			</Column>
			<Column>
				<Type>Url</Type>
				<Width>90</Width>
			</Column>
			<Column>
				<Type>Notes</Type>
				<Width>90</Width>
			</Column>
		</EntryListColumnCollection>
		<EntryListColumnDisplayOrder>0 1 2 3 4</EntryListColumnDisplayOrder>
		<ListSorting>
			<Order>Ascending</Order>
		</ListSorting>
	</MainWindow>
	<UI>
		<TrayIcon />
		<Hiding>
			<HideInEntryWindow>false</HideInEntryWindow>
		</Hiding>
		<StandardFont>
			<Family>Microsoft Sans Serif</Family>
			<Size>8.25</Size>
			<GraphicsUnit>Point</GraphicsUnit>
			<Style>Regular</Style>
			<OverrideUIDefault>false</OverrideUIDefault>
		</StandardFont>
		<PasswordFont>
			<Family>Courier New</Family>
			<Size>8.25</Size>
			<GraphicsUnit>Point</GraphicsUnit>
			<Style>Regular</Style>
			<OverrideUIDefault>false</OverrideUIDefault>
		</PasswordFont>
		<BannerStyle>WinVistaBlack</BannerStyle>
		<DataEditorFont>
			<Family>Microsoft Sans Serif</Family>
			<Size>8.25</Size>
			<GraphicsUnit>Point</GraphicsUnit>
			<Style>Regular</Style>
			<OverrideUIDefault>false</OverrideUIDefault>
		</DataEditorFont>
		<UIFlags>0</UIFlags>
		<KeyCreationFlags>0</KeyCreationFlags>
		<KeyPromptFlags>0</KeyPromptFlags>
	</UI>
	<Security>
		<WorkspaceLocking>
			<LockAfterTime>0</LockAfterTime>
			<LockAfterGlobalTime>0</LockAfterGlobalTime>
		</WorkspaceLocking>
		<Policy />
		<MasterPassword>
			<MinimumLength>0</MinimumLength>
			<MinimumQuality>0</MinimumQuality>
		</MasterPassword>
	</Security>
	<Native />
	<PasswordGenerator>
		<AutoGeneratedPasswordsProfile>
			<GeneratorType>CharSet</GeneratorType>
			<Length>20</Length>
			<CharSetRanges>ULD_______</CharSetRanges>
		</AutoGeneratedPasswordsProfile>
		<LastUsedProfile>
			<GeneratorType>CharSet</GeneratorType>
			<Length>20</Length>
			<CharSetRanges>ULD_______</CharSetRanges>
		</LastUsedProfile>
		<UserProfiles />
	</PasswordGenerator>
	<Defaults>
		<OptionsTabIndex>0</OptionsTabIndex>
		<SearchParameters>
			<ComparisonMode>InvariantCultureIgnoreCase</ComparisonMode>
		</SearchParameters>
		<KeySources>
			<Association>
				<DatabasePath>M:\Documents\Passwords.kdbx</DatabasePath>
				<Password>true</Password>
				<UserAccount>true</UserAccount>
				<KeyFilePath>M:\Documents\Passwords-Key.key</KeyFilePath>
			</Association>
		</KeySources>
	</Defaults>
	<Integration>
		<HotKeyGlobalAutoType>393281</HotKeyGlobalAutoType>
		<HotKeySelectedAutoType>0</HotKeySelectedAutoType>
		<HotKeyShowWindow>393291</HotKeyShowWindow>
		<HotKeyEntryMenu>0</HotKeyEntryMenu>
		<UrlSchemeOverrides>
			<BuiltInOverridesEnabled>1</BuiltInOverridesEnabled>
			<CustomOverrides />
		</UrlSchemeOverrides>
		<AutoTypeAbortOnWindows />
		<ProxyType>System</ProxyType>
		<ProxyAuthType>Auto</ProxyAuthType>
	</Integration>
	<Custom />
</Configuration>
