<?xml version="1.0" encoding="UTF-8"?>
<node>
<version>6</version>
<dict>
  <key>title</key><string>KeePass.config.xml</string>
  <key>nodeid</key><string>b5601424-6504-4632-a956-f2f9ec3fb01d</string>
  <key>modified_time</key><integer>1532723041</integer>
  <key>version</key><integer>6</integer>
  <key>payload_filename</key><string>keepass.config.xml</string>
  <key>content_type</key><string>application/xml</string>
  <key>created_time</key><integer>1532723041</integer>
  <key>order</key><integer>6</integer>
</dict>
</node>
