<?xml version="1.0" encoding="UTF-8"?>
<node>
<version>6</version>
<dict>
  <key>title</key><string>nix</string>
  <key>nodeid</key><string>d60b0256-60dd-4b37-aa93-166e91340e8e</string>
  <key>modified_time</key><integer>1534130475</integer>
  <key>version</key><integer>6</integer>
  <key>payload_filename</key><string>nix</string>
  <key>content_type</key><string>application/octet-stream</string>
  <key>created_time</key><integer>1534130475</integer>
  <key>order</key><integer>0</integer>
</dict>
</node>
