<?xml version="1.0" encoding="UTF-8"?>
<node>
<version>6</version>
<dict>
  <key>title</key><string>4 flag</string>
  <key>nodeid</key><string>ed709e78-ff48-423d-a567-a827bd17ab6e</string>
  <key>modified_time</key><integer>1530496860</integer>
  <key>version</key><integer>6</integer>
  <key>content_type</key><string>text/xhtml+xml</string>
  <key>created_time</key><integer>1530478875</integer>
  <key>info_sort_dir</key><integer>1</integer>
  <key>order</key><integer>4</integer>
  <key>info_sort</key><string>order</string>
</dict>
</node>
