<?xml version="1.0" encoding="UTF-8"?>
<node>
<version>6</version>
<dict>
  <key>title</key><string>asreproast.ps1</string>
  <key>nodeid</key><string>e7449fe0-84c7-4e06-b096-c33a10b69926</string>
  <key>modified_time</key><integer>1530479493</integer>
  <key>version</key><integer>6</integer>
  <key>payload_filename</key><string>asreproast.ps1</string>
  <key>content_type</key><string>application/octet-stream</string>
  <key>created_time</key><integer>1530479493</integer>
  <key>order</key><integer>0</integer>
</dict>
</node>
