<?xml version="1.0" encoding="UTF-8"?>
<node>
<version>6</version>
<dict>
  <key>title</key><string>sql.rdp</string>
  <key>nodeid</key><string>e16ca707-e197-4701-bc25-88b1a300cedc</string>
  <key>modified_time</key><integer>1530720683</integer>
  <key>version</key><integer>6</integer>
  <key>payload_filename</key><string>sql.rdp</string>
  <key>content_type</key><string>application/x-rdp</string>
  <key>created_time</key><integer>1530720683</integer>
  <key>order</key><integer>0</integer>
</dict>
</node>
