<?xml version="1.0" encoding="UTF-8"?>
<node>
<version>6</version>
<dict>
  <key>title</key><string>9 flag</string>
  <key>nodeid</key><string>c21f81ad-da2e-4a46-b883-815a4d52bea3</string>
  <key>modified_time</key><integer>1530720161</integer>
  <key>version</key><integer>6</integer>
  <key>content_type</key><string>text/xhtml+xml</string>
  <key>created_time</key><integer>1530708457</integer>
  <key>info_sort_dir</key><integer>1</integer>
  <key>order</key><integer>7</integer>
  <key>info_sort</key><string>order</string>
</dict>
</node>
