<?xml version="1.0" encoding="UTF-8"?>
<node>
<version>6</version>
<dict>
  <key>title</key><string>sessions.csv</string>
  <key>nodeid</key><string>23296da0-6b18-4c18-a7e7-cb3f2e52ef24</string>
  <key>modified_time</key><integer>1530561439</integer>
  <key>version</key><integer>6</integer>
  <key>payload_filename</key><string>sessions.csv</string>
  <key>content_type</key><string>text/csv</string>
  <key>created_time</key><integer>1530561439</integer>
  <key>order</key><integer>2</integer>
</dict>
</node>
