<?xml version="1.0" encoding="UTF-8"?>
<node>
<version>6</version>
<dict>
  <key>title</key><string>key.txt</string>
  <key>nodeid</key><string>e5563d5d-7603-4764-9b6f-83e3ae941ce9</string>
  <key>modified_time</key><integer>1533165613</integer>
  <key>version</key><integer>6</integer>
  <key>payload_filename</key><string>key.txt</string>
  <key>content_type</key><string>text/plain</string>
  <key>created_time</key><integer>1533165613</integer>
  <key>order</key><integer>2</integer>
</dict>
</node>
