<?xml version="1.0" encoding="UTF-8"?>
<node>
<version>6</version>
<dict>
  <key>title</key><string>17 flag</string>
  <key>nodeid</key><string>17b94595-b309-447c-9e10-c1066141657a</string>
  <key>modified_time</key><integer>1534255469</integer>
  <key>version</key><integer>6</integer>
  <key>content_type</key><string>text/xhtml+xml</string>
  <key>created_time</key><integer>1534129742</integer>
  <key>info_sort_dir</key><integer>1</integer>
  <key>order</key><integer>15</integer>
  <key>info_sort</key><string>order</string>
</dict>
</node>
