<?xml version="1.0" encoding="UTF-8"?>
<node>
<version>6</version>
<dict>
  <key>title</key><string>user.txt</string>
  <key>nodeid</key><string>5417f54d-5240-4d0f-aa7d-b81ce7f434bb</string>
  <key>modified_time</key><integer>1530393746</integer>
  <key>version</key><integer>6</integer>
  <key>payload_filename</key><string>user.txt</string>
  <key>content_type</key><string>text/plain</string>
  <key>created_time</key><integer>1530393713</integer>
  <key>order</key><integer>0</integer>
</dict>
</node>
