<?xml version="1.0" encoding="UTF-8"?>
<node>
<version>6</version>
<dict>
  <key>title</key><string>12 flag</string>
  <key>nodeid</key><string>7bc7f82f-ef00-4abe-9931-a72e097ec2c9</string>
  <key>modified_time</key><integer>1533798043</integer>
  <key>version</key><integer>6</integer>
  <key>content_type</key><string>text/xhtml+xml</string>
  <key>created_time</key><integer>1533666624</integer>
  <key>info_sort_dir</key><integer>1</integer>
  <key>order</key><integer>10</integer>
  <key>info_sort</key><string>order</string>
</dict>
</node>
