ComputerName,AccountName,AccountType
WS02.RASTALABS.LOCAL,DOMAIN ADMINS@RASTALABS.LOCAL,group
WS01.RASTALABS.LOCAL,DOMAIN ADMINS@RASTALABS.LOCAL,group
DC01.RASTALABS.LOCAL,ADMINISTRATOR@RASTALABS.LOCAL,user
DC01.RASTALABS.LOCAL,ENTERPRISE ADMINS@RASTALABS.LOCAL,group
DC01.RASTALABS.LOCAL,DOMAIN ADMINS@RASTALABS.LOCAL,group
WS03.RASTALABS.LOCAL,DOMAIN ADMINS@RASTALABS.LOCAL,group
WS05.RASTALABS.LOCAL,DOMAIN ADMINS@RASTALABS.LOCAL,group
WS04.RASTALABS.LOCAL,DOMAIN ADMINS@RASTALABS.LOCAL,group
