<?xml version="1.0" encoding="UTF-8"?>
<node>
<version>6</version>
<dict>
  <key>title</key><string>local_admins.csv</string>
  <key>nodeid</key><string>7dde299d-e4da-46f4-a8be-a18e06320aaf</string>
  <key>modified_time</key><integer>1530561439</integer>
  <key>version</key><integer>6</integer>
  <key>payload_filename</key><string>local_admins.csv</string>
  <key>content_type</key><string>text/csv</string>
  <key>created_time</key><integer>1530561439</integer>
  <key>order</key><integer>1</integer>
</dict>
</node>
