<?xml version="1.0" encoding="UTF-8"?>
<node>
<version>6</version>
<dict>
  <key>title</key><string>6&amp;7&amp;8 flag</string>
  <key>nodeid</key><string>cd028784-5396-480d-8cba-8ae092f462d0</string>
  <key>modified_time</key><integer>1533990698</integer>
  <key>version</key><integer>6</integer>
  <key>content_type</key><string>text/xhtml+xml</string>
  <key>created_time</key><integer>1530603560</integer>
  <key>info_sort_dir</key><integer>1</integer>
  <key>order</key><integer>6</integer>
  <key>info_sort</key><string>order</string>
</dict>
</node>
