<?xml version="1.0" encoding="UTF-8"?>
<node>
<version>6</version>
<dict>
  <key>title</key><string>FileCryptography.psm1</string>
  <key>nodeid</key><string>172c8a3e-a284-45cf-8a08-846c0c76eb3a</string>
  <key>modified_time</key><integer>1533165592</integer>
  <key>version</key><integer>6</integer>
  <key>payload_filename</key><string>filecryptography.psm1</string>
  <key>content_type</key><string>application/octet-stream</string>
  <key>created_time</key><integer>1533165592</integer>
  <key>order</key><integer>0</integer>
</dict>
</node>
