<?xml version="1.0" encoding="UTF-8"?>
<node>
<version>6</version>
<dict>
  <key>title</key><string>nix01.ppk</string>
  <key>nodeid</key><string>d8eb7a5d-d89f-42ac-bda3-804139aca49c</string>
  <key>modified_time</key><integer>1534130483</integer>
  <key>version</key><integer>6</integer>
  <key>payload_filename</key><string>nix01.ppk</string>
  <key>content_type</key><string>application/octet-stream</string>
  <key>created_time</key><integer>1534130483</integer>
  <key>order</key><integer>1</integer>
</dict>
</node>
