<?xml version="1.0" encoding="UTF-8"?>
<node>
<version>6</version>
<dict>
  <key>title</key><string>Passwords.kdbx</string>
  <key>nodeid</key><string>4053762a-abd6-49ee-b2cb-8f50bed3a546</string>
  <key>modified_time</key><integer>1530557601</integer>
  <key>version</key><integer>6</integer>
  <key>payload_filename</key><string>passwords.kdbx</string>
  <key>content_type</key><string>application/octet-stream</string>
  <key>created_time</key><integer>1530557601</integer>
  <key>order</key><integer>0</integer>
</dict>
</node>
