<?xml version="1.0" encoding="UTF-8"?>
<node>
<version>6</version>
<dict>
  <key>title</key><string>14 flag</string>
  <key>nodeid</key><string>0dd35039-58c4-44ab-82ce-185a06f7e0c6</string>
  <key>modified_time</key><integer>1534087448</integer>
  <key>version</key><integer>6</integer>
  <key>content_type</key><string>text/xhtml+xml</string>
  <key>created_time</key><integer>1533889331</integer>
  <key>info_sort_dir</key><integer>1</integer>
  <key>order</key><integer>12</integer>
  <key>info_sort</key><string>order</string>
</dict>
</node>
