<?xml version="1.0" encoding="UTF-8"?>
<node>
<version>6</version>
<dict>
  <key>title_fgcolor</key><string>#ff0000</string>
  <key>title</key><string>5 flag</string>
  <key>nodeid</key><string>52d6c344-18e5-4972-8676-29c9a406f619</string>
  <key>modified_time</key><integer>1530615557</integer>
  <key>version</key><integer>6</integer>
  <key>content_type</key><string>text/xhtml+xml</string>
  <key>created_time</key><integer>1530522930</integer>
  <key>info_sort_dir</key><integer>1</integer>
  <key>order</key><integer>5</integer>
  <key>info_sort</key><string>order</string>
</dict>
</node>
