<?xml version="1.0" encoding="UTF-8"?>
<node>
<version>6</version>
<dict>
  <key>title</key><string>10 flag</string>
  <key>nodeid</key><string>49a13f69-8a4c-457b-aad2-fb83475a43f5</string>
  <key>modified_time</key><integer>1533184234</integer>
  <key>version</key><integer>6</integer>
  <key>content_type</key><string>text/xhtml+xml</string>
  <key>created_time</key><integer>1530708460</integer>
  <key>info_sort_dir</key><integer>1</integer>
  <key>order</key><integer>8</integer>
  <key>info_sort</key><string>order</string>
</dict>
</node>
