<?xml version="1.0" encoding="UTF-8"?>
<node>
<version>6</version>
<dict>
  <key>title</key><string>has.txt</string>
  <key>nodeid</key><string>220e7b67-72e2-4ff2-86f3-588b59da857c</string>
  <key>modified_time</key><integer>1530486956</integer>
  <key>version</key><integer>6</integer>
  <key>payload_filename</key><string>has.txt</string>
  <key>content_type</key><string>text/plain</string>
  <key>created_time</key><integer>1530486956</integer>
  <key>order</key><integer>1</integer>
</dict>
</node>
