<?xml version="1.0" encoding="UTF-8"?>
<node>
<version>6</version>
<dict>
  <key>title</key><string>paycalc</string>
  <key>nodeid</key><string>0bdb29c1-f148-4066-bef1-1840af1bbdf5</string>
  <key>modified_time</key><integer>1534282649</integer>
  <key>version</key><integer>6</integer>
  <key>payload_filename</key><string>paycalc</string>
  <key>content_type</key><string>application/octet-stream</string>
  <key>created_time</key><integer>1534282649</integer>
  <key>order</key><integer>3</integer>
</dict>
</node>
