<?xml version="1.0" encoding="UTF-8"?>
<node>
<version>6</version>
<dict>
  <key>title</key><string>13 flag</string>
  <key>nodeid</key><string>2d754916-d52c-4784-9834-14b52422744b</string>
  <key>modified_time</key><integer>1534048625</integer>
  <key>version</key><integer>6</integer>
  <key>content_type</key><string>text/xhtml+xml</string>
  <key>created_time</key><integer>1533889327</integer>
  <key>info_sort_dir</key><integer>1</integer>
  <key>order</key><integer>11</integer>
  <key>info_sort</key><string>order</string>
</dict>
</node>
