<?xml version="1.0" encoding="UTF-8"?>
<node>
<version>6</version>
<dict>
  <key>title</key><string>16 flag</string>
  <key>nodeid</key><string>d7123683-f441-48f0-b7a2-4238a5e9f7ed</string>
  <key>modified_time</key><integer>1534176029</integer>
  <key>version</key><integer>6</integer>
  <key>content_type</key><string>text/xhtml+xml</string>
  <key>created_time</key><integer>1534146853</integer>
  <key>info_sort_dir</key><integer>1</integer>
  <key>order</key><integer>14</integer>
  <key>info_sort</key><string>order</string>
</dict>
</node>
