GroupName,AccountName,AccountType
ENTERPRISE DOMAIN CONTROLLERS@RASTALABS.LOCAL,DC01.RASTALABS.LOCAL,computer
DOMAIN USERS@RASTALABS.LOCAL,ADMINISTRATOR@RASTALABS.LOCAL,user
DOMAIN USERS@RASTALABS.LOCAL,SM_85E3A77087D944589@RASTALABS.LOCAL,user
DOMAIN USERS@RASTALABS.LOCAL,SM_1139242AE3DB4B5B8@RASTALABS.LOCAL,user
DOMAIN USERS@RASTALABS.LOCAL,SM_B60219ADE4274BCCB@RASTALABS.LOCAL,user
DOMAIN USERS@RASTALABS.LOCAL,SM_33273F8672E44108A@RASTALABS.LOCAL,user
DOMAIN USERS@RASTALABS.LOCAL,SM_8E60C30A353C4B739@RASTALABS.LOCAL,user
DOMAIN USERS@RASTALABS.LOCAL,SM_539C73ABC80A42FA8@RASTALABS.LOCAL,user
DOMAIN USERS@RASTALABS.LOCAL,DEFAULTACCOUNT@RASTALABS.LOCAL,user
DOMAIN USERS@RASTALABS.LOCAL,$531000-S5O9F7AAC4AK@RASTALABS.LOCAL,user
DOMAIN USERS@RASTALABS.LOCAL,KRBTGT@RASTALABS.LOCAL,user
DOMAIN USERS@RASTALABS.LOCAL,HEALTHMAILBOX84ECFCA@RASTALABS.LOCAL,user
DOMAIN USERS@RASTALABS.LOCAL,SM_861D1DE31283424EA@RASTALABS.LOCAL,user
DOMAIN USERS@RASTALABS.LOCAL,SM_F9FBFBB968474D339@RASTALABS.LOCAL,user
DOMAIN USERS@RASTALABS.LOCAL,HEALTHMAILBOXBE893FC@RASTALABS.LOCAL,user
DOMAIN USERS@RASTALABS.LOCAL,HEALTHMAILBOXD829EAE@RASTALABS.LOCAL,user
DOMAIN USERS@RASTALABS.LOCAL,HEALTHMAILBOX98ED438@RASTALABS.LOCAL,user
DOMAIN USERS@RASTALABS.LOCAL,HEALTHMAILBOXDBA7DAD@RASTALABS.LOCAL,user
DOMAIN USERS@RASTALABS.LOCAL,HEALTHMAILBOXB517D4C@RASTALABS.LOCAL,user
DOMAIN USERS@RASTALABS.LOCAL,HEALTHMAILBOX0F17B3D@RASTALABS.LOCAL,user
DOMAIN USERS@RASTALABS.LOCAL,HEALTHMAILBOX0CCA363@RASTALABS.LOCAL,user
DOMAIN USERS@RASTALABS.LOCAL,HEALTHMAILBOX3302AA9@RASTALABS.LOCAL,user
DOMAIN USERS@RASTALABS.LOCAL,HEALTHMAILBOX78A8527@RASTALABS.LOCAL,user
DOMAIN USERS@RASTALABS.LOCAL,HEALTHMAILBOX1C0E846@RASTALABS.LOCAL,user
DOMAIN USERS@RASTALABS.LOCAL,EPUGH@RASTALABS.LOCAL,user
DOMAIN USERS@RASTALABS.LOCAL,BOWEN@RASTALABS.LOCAL,user
DOMAIN USERS@RASTALABS.LOCAL,NGODFREY@RASTALABS.LOCAL,user
DOMAIN USERS@RASTALABS.LOCAL,RWESTON@RASTALABS.LOCAL,user
DOMAIN USERS@RASTALABS.LOCAL,EPUGH_ADM@RASTALABS.LOCAL,user
DOMAIN USERS@RASTALABS.LOCAL,NGODFREY_ADM@RASTALABS.LOCAL,user
DOMAIN USERS@RASTALABS.LOCAL,RWESTON_DA@RASTALABS.LOCAL,user
DOMAIN USERS@RASTALABS.LOCAL,AHOPE@RASTALABS.LOCAL,user
DOMAIN GUESTS@RASTALABS.LOCAL,GUEST@RASTALABS.LOCAL,user
DOMAIN COMPUTERS@RASTALABS.LOCAL,FS01.RASTALABS.LOCAL,computer
DOMAIN COMPUTERS@RASTALABS.LOCAL,WS02.RASTALABS.LOCAL,computer
DOMAIN COMPUTERS@RASTALABS.LOCAL,WS01.RASTALABS.LOCAL,computer
DOMAIN COMPUTERS@RASTALABS.LOCAL,WS04.RASTALABS.LOCAL,computer
DOMAIN COMPUTERS@RASTALABS.LOCAL,MX01.RASTALABS.LOCAL,computer
DOMAIN COMPUTERS@RASTALABS.LOCAL,WEB01.RASTALABS.LOCAL,computer
DOMAIN COMPUTERS@RASTALABS.LOCAL,WS03.RASTALABS.LOCAL,computer
DOMAIN COMPUTERS@RASTALABS.LOCAL,SQL01.RASTALABS.LOCAL,computer
DOMAIN COMPUTERS@RASTALABS.LOCAL,WS05.RASTALABS.LOCAL,computer
DOMAIN CONTROLLERS@RASTALABS.LOCAL,DC01.RASTALABS.LOCAL,computer
SCHEMA ADMINS@RASTALABS.LOCAL,ADMINISTRATOR@RASTALABS.LOCAL,user
ENTERPRISE ADMINS@RASTALABS.LOCAL,ADMINISTRATOR@RASTALABS.LOCAL,user
DOMAIN ADMINS@RASTALABS.LOCAL,RWESTON_DA@RASTALABS.LOCAL,user
DOMAIN ADMINS@RASTALABS.LOCAL,ADMINISTRATOR@RASTALABS.LOCAL,user
GROUP POLICY CREATOR OWNERS@RASTALABS.LOCAL,ADMINISTRATOR@RASTALABS.LOCAL,user
ORGANIZATION MANAGEMENT@RASTALABS.LOCAL,ADMINISTRATOR@RASTALABS.LOCAL,user
MANAGED AVAILABILITY SERVERS@RASTALABS.LOCAL,EXCHANGE SERVERS@RASTALABS.LOCAL,group
EXCHANGE WINDOWS PERMISSIONS@RASTALABS.LOCAL,EXCHANGE TRUSTED SUBSYSTEM@RASTALABS.LOCAL,group
EXCHANGE SERVERS@RASTALABS.LOCAL,$E31000-9E1NSKF2L6DD@RASTALABS.LOCAL,group
EXCHANGE TRUSTED SUBSYSTEM@RASTALABS.LOCAL,MX01.RASTALABS.LOCAL,computer
MANAGED AVAILABILITY SERVERS@RASTALABS.LOCAL,MX01.RASTALABS.LOCAL,computer
ADMINISTRATORS@RASTALABS.LOCAL,DOMAIN ADMINS@RASTALABS.LOCAL,group
ADMINISTRATORS@RASTALABS.LOCAL,ENTERPRISE ADMINS@RASTALABS.LOCAL,group
ADMINISTRATORS@RASTALABS.LOCAL,ADMINISTRATOR@RASTALABS.LOCAL,user
USERS@RASTALABS.LOCAL,DOMAIN USERS@RASTALABS.LOCAL,group
GUESTS@RASTALABS.LOCAL,DOMAIN GUESTS@RASTALABS.LOCAL,group
INFRASTRUCTURE SUPPORT@RASTALABS.LOCAL,EPUGH_ADM@RASTALABS.LOCAL,user
$E31000-9E1NSKF2L6DD@RASTALABS.LOCAL,MX01.RASTALABS.LOCAL,computer
DESKTOP SUPPORT@RASTALABS.LOCAL,NGODFREY_ADM@RASTALABS.LOCAL,user
HUMAN RESOURCES@RASTALABS.LOCAL,AHOPE@RASTALABS.LOCAL,user
EXCHANGE SERVERS@RASTALABS.LOCAL,MX01.RASTALABS.LOCAL,computer
USERS@RASTALABS.LOCAL,RASTALABS.LOCAL,domain
FINANCE@RASTALABS.LOCAL,BOWEN@RASTALABS.LOCAL,user
GUESTS@RASTALABS.LOCAL,GUEST@RASTALABS.LOCAL,user
IIS_IUSRS@RASTALABS.LOCAL,RASTALABS.LOCAL,domain
SYSTEM MANAGED ACCOUNTS GROUP@RASTALABS.LOCAL,DEFAULTACCOUNT@RASTALABS.LOCAL,user
WINDOWS AUTHORIZATION ACCESS GROUP@RASTALABS.LOCAL,EXCHANGE SERVERS@RASTALABS.LOCAL,group
DENIED RODC PASSWORD REPLICATION GROUP@RASTALABS.LOCAL,READ-ONLY DOMAIN CONTROLLERS@RASTALABS.LOCAL,group
DENIED RODC PASSWORD REPLICATION GROUP@RASTALABS.LOCAL,GROUP POLICY CREATOR OWNERS@RASTALABS.LOCAL,group
DENIED RODC PASSWORD REPLICATION GROUP@RASTALABS.LOCAL,DOMAIN ADMINS@RASTALABS.LOCAL,group
DENIED RODC PASSWORD REPLICATION GROUP@RASTALABS.LOCAL,CERT PUBLISHERS@RASTALABS.LOCAL,group
DENIED RODC PASSWORD REPLICATION GROUP@RASTALABS.LOCAL,ENTERPRISE ADMINS@RASTALABS.LOCAL,group
DENIED RODC PASSWORD REPLICATION GROUP@RASTALABS.LOCAL,SCHEMA ADMINS@RASTALABS.LOCAL,group
DENIED RODC PASSWORD REPLICATION GROUP@RASTALABS.LOCAL,DOMAIN CONTROLLERS@RASTALABS.LOCAL,group
PRE-WINDOWS 2000 COMPATIBLE ACCESS@RASTALABS.LOCAL,RASTALABS.LOCAL,domain
WINDOWS AUTHORIZATION ACCESS GROUP@RASTALABS.LOCAL,RASTALABS.LOCAL,domain
DENIED RODC PASSWORD REPLICATION GROUP@RASTALABS.LOCAL,KRBTGT@RASTALABS.LOCAL,user
