<?xml version="1.0" encoding="UTF-8"?>
<node>
<version>6</version>
<dict>
  <key>title</key><string>group_membership.csv</string>
  <key>nodeid</key><string>3e530d77-9efb-4d9b-8600-348d58f47c39</string>
  <key>modified_time</key><integer>1530561438</integer>
  <key>version</key><integer>6</integer>
  <key>payload_filename</key><string>group_membership.csv</string>
  <key>content_type</key><string>text/csv</string>
  <key>created_time</key><integer>1530561438</integer>
  <key>order</key><integer>0</integer>
</dict>
</node>
