<?xml version="1.0" encoding="UTF-8"?>
<node>
<version>6</version>
<dict>
  <key>title</key><string>15 flag</string>
  <key>nodeid</key><string>e842f2d3-1dda-4409-9b77-49663802653a</string>
  <key>modified_time</key><integer>1534112037</integer>
  <key>version</key><integer>6</integer>
  <key>content_type</key><string>text/xhtml+xml</string>
  <key>created_time</key><integer>1533889329</integer>
  <key>info_sort_dir</key><integer>1</integer>
  <key>order</key><integer>13</integer>
  <key>info_sort</key><string>order</string>
</dict>
</node>
