<?xml version="1.0" encoding="UTF-8"?>
<node>
<version>6</version>
<dict>
  <key>title</key><string>trusts.csv</string>
  <key>nodeid</key><string>04327e27-ee38-4090-9f92-7467ca518348</string>
  <key>modified_time</key><integer>1530561439</integer>
  <key>version</key><integer>6</integer>
  <key>payload_filename</key><string>trusts.csv</string>
  <key>content_type</key><string>text/csv</string>
  <key>created_time</key><integer>1530561439</integer>
  <key>order</key><integer>3</integer>
</dict>
</node>
