<?xml version="1.0" encoding="UTF-8"?>
<node>
<version>6</version>
<dict>
  <key>title</key><string>2 flag</string>
  <key>nodeid</key><string>76d47317-7203-4576-9571-cc93c488d0b8</string>
  <key>modified_time</key><integer>1530557590</integer>
  <key>version</key><integer>6</integer>
  <key>content_type</key><string>text/xhtml+xml</string>
  <key>created_time</key><integer>1530400087</integer>
  <key>info_sort_dir</key><integer>1</integer>
  <key>order</key><integer>2</integer>
  <key>info_sort</key><string>order</string>
</dict>
</node>
