<?xml version="1.0" encoding="UTF-8"?>
<node>
<version>6</version>
<dict>
  <key>title</key><string>secret</string>
  <key>nodeid</key><string>f7dc0226-624b-4308-a863-77057ac34b9e</string>
  <key>modified_time</key><integer>1533165605</integer>
  <key>version</key><integer>6</integer>
  <key>payload_filename</key><string>secret</string>
  <key>content_type</key><string>application/octet-stream</string>
  <key>created_time</key><integer>1533165605</integer>
  <key>order</key><integer>1</integer>
</dict>
</node>
