<?xml version="1.0" encoding="UTF-8"?>
<node>
<version>6</version>
<dict>
  <key>title</key><string>3 flag</string>
  <key>nodeid</key><string>1f3d4f20-5707-4187-8e9a-647f1f7b8cfe</string>
  <key>modified_time</key><integer>1530475008</integer>
  <key>version</key><integer>6</integer>
  <key>content_type</key><string>text/xhtml+xml</string>
  <key>created_time</key><integer>1530459413</integer>
  <key>info_sort_dir</key><integer>1</integer>
  <key>order</key><integer>3</integer>
  <key>info_sort</key><string>order</string>
</dict>
</node>
