<?xml version="1.0" encoding="UTF-8"?>
<node>
<version>6</version>
<dict>
  <key>title</key><string>pass.txt</string>
  <key>nodeid</key><string>6721cdd1-9c6a-4e7b-a240-f04cea99b264</string>
  <key>modified_time</key><integer>1530393745</integer>
  <key>version</key><integer>6</integer>
  <key>payload_filename</key><string>pass.txt</string>
  <key>content_type</key><string>text/plain</string>
  <key>created_time</key><integer>1530393722</integer>
  <key>order</key><integer>1</integer>
</dict>
</node>
