<?xml version="1.0" encoding="UTF-8"?>
<node>
<version>6</version>
<dict>
  <key>title</key><string>11 flag</string>
  <key>nodeid</key><string>1e9085d4-d7b1-4a77-a54d-dbcd4d5d4e2d</string>
  <key>modified_time</key><integer>1534130667</integer>
  <key>version</key><integer>6</integer>
  <key>content_type</key><string>text/xhtml+xml</string>
  <key>created_time</key><integer>1533666622</integer>
  <key>info_sort_dir</key><integer>1</integer>
  <key>order</key><integer>9</integer>
  <key>info_sort</key><string>order</string>
</dict>
</node>
